Question,Answer
"What is your return policy?","We accept returns within 30 days of purchase. Items must be in their original condition with tags attached."
"How long does shipping take?","Standard shipping takes 3-5 business days, while express shipping takes 1-2 business days."
"Do you ship internationally?","Yes, we ship to over 50 countries. International delivery usually takes 7-14 business days."
"How can I track my order?","Once your order ships, you will receive an email with a tracking link. You can also view tracking in your account dashboard."
"Can I change my delivery address after placing an order?","You can update your shipping address within 2 hours of placing the order by contacting our support team."
"What payment methods do you accept?","We accept Visa, MasterCard, American Express, PayPal, and Apple Pay."
"Do you offer price matching?","Yes, we price match identical items from select authorized competitors within 14 days of purchase."
"Why was my credit card declined?","Cards can be declined for incorrect billing details, expired dates, or bank blocks. Please check with your bank or try another card."
"How do I cancel my order?","Orders can be cancelled within 1 hour of placement through your account portal."
"Is there a warranty on your products?","Yes, all electronics come with a standard 1-year manufacturer warranty."
"What happens if I receive a damaged item?","Please contact support within 48 hours of delivery with photos of the damage, and we will issue a free replacement."
"How do I apply a discount code?","You can enter your promo code at checkout in the 'Discount Code' box before submitting your payment."
"Can I use multiple promo codes?","No, only one promotional discount code can be applied per order."
"What do I do if my package is marked delivered but I haven't received it?","Please wait 24 hours as carriers sometimes scan packages early. If it is still missing after that, contact our support team."
"How long do refunds take to process?","Refunds typically reflect on your original payment method within 5-7 business days after we process your returned item."
"Do you offer gift cards?","Yes, we offer digital e-gift cards ranging from $10 to $500, which are delivered instantly via email."
"Are out-of-stock items restocked?","Popular items are usually restocked within 2-3 weeks. You can sign up for email alerts on the product page."
"How do I reset my account password?","Click 'Forgot Password' on the login screen to receive a secure reset link via email."
"Do I need an account to place an order?","No, you can check out as a guest, though creating an account makes tracking and future purchases easier."
"Where are your physical retail stores located?","We currently operate exclusively online and do not have physical retail locations."
"Do you have the Wireless Noise-Canceling Headphones in stock?","Yes! The SonicPro Wireless Noise-Canceling Headphones are currently in stock. They cost $149.99 and we have 42 units available."
"What is the price of the Smart Fitness Watch?","The Apex Smart Fitness Watch is priced at $199.99. We currently have 15 units in stock in the Midnight Black color."
"Can I buy a laptop backpack?","Absolutely! Our Commuter Pro Laptop Backpack fits up to 16-inch laptops. It costs $59.99, and we have 85 units ready to ship."
"Do you sell wireless charging pads?","Yes, we sell the MagCharge 15W Wireless Charging Pad for $29.99. We currently have 110 units in stock."
"How much is the mechanical keyboard?","Our Tactile mechanical gaming keyboard with RGB lighting is $89.99. We only have 8 units left in stock, so order soon!"
"Where is order #88492?","Order #88492 is currently out for delivery! It was loaded onto the carrier vehicle at 7:00 AM this morning and should arrive by 8:00 PM tonight."
"What is the status of order #33910?","Order #33910 has been processed and shipped. The carrier picked it up yesterday, and it is currently in transit to your local distribution center. Estimated delivery is in 2 days."
"Can you check on order #77123?","Order #77123 is currently pending fulfillment. The items are being picked from our warehouse and it is expected to ship by tomorrow afternoon."